"entityId","kind","mainSequences","subSequences","slots","exactRgbaMasters","blankSlots","motionContract","status"
"e000_digitama","EGG","2","2","26","12","0","docs/art/production/characters/appearance-refresh-v1/generated/entities/e000_digitama/motion-contract.json","COST_REFERENCE_NOT_ORIGINAL_ART_COMPLETION"
"e001_digitama","EGG","2","2","26","12","0","docs/art/production/characters/appearance-refresh-v1/generated/entities/e001_digitama/motion-contract.json","COST_REFERENCE_NOT_ORIGINAL_ART_COMPLETION"
"e002_digitama","EGG","2","2","26","12","0","docs/art/production/characters/appearance-refresh-v1/generated/entities/e002_digitama/motion-contract.json","COST_REFERENCE_NOT_ORIGINAL_ART_COMPLETION"
"e003_digitama","EGG","2","2","26","12","0","docs/art/production/characters/appearance-refresh-v1/generated/entities/e003_digitama/motion-contract.json","COST_REFERENCE_NOT_ORIGINAL_ART_COMPLETION"
"e004_digitama","EGG","2","2","26","12","0","docs/art/production/characters/appearance-refresh-v1/generated/entities/e004_digitama/motion-contract.json","COST_REFERENCE_NOT_ORIGINAL_ART_COMPLETION"
"e005_digitama","EGG","2","2","26","12","0","docs/art/production/characters/appearance-refresh-v1/generated/entities/e005_digitama/motion-contract.json","COST_REFERENCE_NOT_ORIGINAL_ART_COMPLETION"
"e006_digitama","EGG","2","2","26","12","0","docs/art/production/characters/appearance-refresh-v1/generated/entities/e006_digitama/motion-contract.json","COST_REFERENCE_NOT_ORIGINAL_ART_COMPLETION"
"e007_digitama","EGG","2","2","26","12","0","docs/art/production/characters/appearance-refresh-v1/generated/entities/e007_digitama/motion-contract.json","COST_REFERENCE_NOT_ORIGINAL_ART_COMPLETION"
"m001_zurumon","CREATURE","40","13","83","54","0","docs/art/production/characters/appearance-refresh-v1/generated/entities/m001_zurumon/motion-contract.json","COST_REFERENCE_NOT_ORIGINAL_ART_COMPLETION"
"m002_choromon","CREATURE","40","13","83","51","0","docs/art/production/characters/appearance-refresh-v1/generated/entities/m002_choromon/motion-contract.json","COST_REFERENCE_NOT_ORIGINAL_ART_COMPLETION"
"m003_nyokimon","CREATURE","40","13","82","49","0","docs/art/production/characters/appearance-refresh-v1/generated/entities/m003_nyokimon/motion-contract.json","COST_REFERENCE_NOT_ORIGINAL_ART_COMPLETION"
"m004_bubbmon","CREATURE","40","13","83","51","0","docs/art/production/characters/appearance-refresh-v1/generated/entities/m004_bubbmon/motion-contract.json","COST_REFERENCE_NOT_ORIGINAL_ART_COMPLETION"
"m005_pitchmon","CREATURE","40","13","83","45","0","docs/art/production/characters/appearance-refresh-v1/generated/entities/m005_pitchmon/motion-contract.json","COST_REFERENCE_NOT_ORIGINAL_ART_COMPLETION"
"m006_punimon","CREATURE","40","13","83","47","0","docs/art/production/characters/appearance-refresh-v1/generated/entities/m006_punimon/motion-contract.json","COST_REFERENCE_NOT_ORIGINAL_ART_COMPLETION"
"m007_botamon","CREATURE","40","13","83","40","0","docs/art/production/characters/appearance-refresh-v1/generated/entities/m007_botamon/motion-contract.json","COST_REFERENCE_NOT_ORIGINAL_ART_COMPLETION"
"m008_poyomon","CREATURE","40","13","83","31","0","docs/art/production/characters/appearance-refresh-v1/generated/entities/m008_poyomon/motion-contract.json","COST_REFERENCE_NOT_ORIGINAL_ART_COMPLETION"
"m009_mokumon","CREATURE","40","13","80","47","0","docs/art/production/characters/appearance-refresh-v1/generated/entities/m009_mokumon/motion-contract.json","COST_REFERENCE_NOT_ORIGINAL_ART_COMPLETION"
"m010_yukimibotamon","CREATURE","40","13","83","40","0","docs/art/production/characters/appearance-refresh-v1/generated/entities/m010_yukimibotamon/motion-contract.json","COST_REFERENCE_NOT_ORIGINAL_ART_COMPLETION"
"m011_yuramon","CREATURE","40","13","82","43","0","docs/art/production/characters/appearance-refresh-v1/generated/entities/m011_yuramon/motion-contract.json","COST_REFERENCE_NOT_ORIGINAL_ART_COMPLETION"
"m012_petimon","CREATURE","40","13","82","40","0","docs/art/production/characters/appearance-refresh-v1/generated/entities/m012_petimon/motion-contract.json","COST_REFERENCE_NOT_ORIGINAL_ART_COMPLETION"
"m101_caprimon","CREATURE","40","13","83","55","0","docs/art/production/characters/appearance-refresh-v1/generated/entities/m101_caprimon/motion-contract.json","COST_REFERENCE_NOT_ORIGINAL_ART_COMPLETION"
"m102_koromon","CREATURE","40","13","82","47","0","docs/art/production/characters/appearance-refresh-v1/generated/entities/m102_koromon/motion-contract.json","COST_REFERENCE_NOT_ORIGINAL_ART_COMPLETION"
"m103_tanemon","CREATURE","40","13","80","50","0","docs/art/production/characters/appearance-refresh-v1/generated/entities/m103_tanemon/motion-contract.json","COST_REFERENCE_NOT_ORIGINAL_ART_COMPLETION"
"m104_tunomon","CREATURE","40","13","83","48","0","docs/art/production/characters/appearance-refresh-v1/generated/entities/m104_tunomon/motion-contract.json","COST_REFERENCE_NOT_ORIGINAL_ART_COMPLETION"
"m105_tokomon","CREATURE","40","13","81","51","0","docs/art/production/characters/appearance-refresh-v1/generated/entities/m105_tokomon/motion-contract.json","COST_REFERENCE_NOT_ORIGINAL_ART_COMPLETION"
"m106_nyaromon","CREATURE","40","13","83","38","0","docs/art/production/characters/appearance-refresh-v1/generated/entities/m106_nyaromon/motion-contract.json","COST_REFERENCE_NOT_ORIGINAL_ART_COMPLETION"
"m107_pagumon","CREATURE","40","13","83","45","0","docs/art/production/characters/appearance-refresh-v1/generated/entities/m107_pagumon/motion-contract.json","COST_REFERENCE_NOT_ORIGINAL_ART_COMPLETION"
"m108_pyokomon","CREATURE","40","13","83","48","0","docs/art/production/characters/appearance-refresh-v1/generated/entities/m108_pyokomon/motion-contract.json","COST_REFERENCE_NOT_ORIGINAL_ART_COMPLETION"
"m109_pukamon","CREATURE","40","13","76","45","0","docs/art/production/characters/appearance-refresh-v1/generated/entities/m109_pukamon/motion-contract.json","COST_REFERENCE_NOT_ORIGINAL_ART_COMPLETION"
"m110_petimemramon","CREATURE","40","13","83","40","0","docs/art/production/characters/appearance-refresh-v1/generated/entities/m110_petimemramon/motion-contract.json","COST_REFERENCE_NOT_ORIGINAL_ART_COMPLETION"
"m111_mochimon","CREATURE","40","13","83","37","0","docs/art/production/characters/appearance-refresh-v1/generated/entities/m111_mochimon/motion-contract.json","COST_REFERENCE_NOT_ORIGINAL_ART_COMPLETION"
"m112_bebydomon","CREATURE","40","13","75","46","0","docs/art/production/characters/appearance-refresh-v1/generated/entities/m112_bebydomon/motion-contract.json","COST_REFERENCE_NOT_ORIGINAL_ART_COMPLETION"
"m113_sunmon","CREATURE","40","13","80","43","0","docs/art/production/characters/appearance-refresh-v1/generated/entities/m113_sunmon/motion-contract.json","COST_REFERENCE_NOT_ORIGINAL_ART_COMPLETION"
"m114_moonmon","CREATURE","40","13","83","38","0","docs/art/production/characters/appearance-refresh-v1/generated/entities/m114_moonmon/motion-contract.json","COST_REFERENCE_NOT_ORIGINAL_ART_COMPLETION"
"m201_agumon","CREATURE","40","13","83","47","0","docs/art/production/characters/appearance-refresh-v1/generated/entities/m201_agumon/motion-contract.json","COST_REFERENCE_NOT_ORIGINAL_ART_COMPLETION"
"m202_armadimon","CREATURE","40","13","80","45","0","docs/art/production/characters/appearance-refresh-v1/generated/entities/m202_armadimon/motion-contract.json","COST_REFERENCE_NOT_ORIGINAL_ART_COMPLETION"
"m203_elecmon","CREATURE","40","13","79","49","0","docs/art/production/characters/appearance-refresh-v1/generated/entities/m203_elecmon/motion-contract.json","COST_REFERENCE_NOT_ORIGINAL_ART_COMPLETION"
"m204_otamamon","CREATURE","40","13","79","42","0","docs/art/production/characters/appearance-refresh-v1/generated/entities/m204_otamamon/motion-contract.json","COST_REFERENCE_NOT_ORIGINAL_ART_COMPLETION"
"m205_gaomon","CREATURE","40","13","86","59","0","docs/art/production/characters/appearance-refresh-v1/generated/entities/m205_gaomon/motion-contract.json","COST_REFERENCE_NOT_ORIGINAL_ART_COMPLETION"
"m206_gazimon","CREATURE","40","13","75","54","0","docs/art/production/characters/appearance-refresh-v1/generated/entities/m206_gazimon/motion-contract.json","COST_REFERENCE_NOT_ORIGINAL_ART_COMPLETION"
"m208_gabumon","CREATURE","40","13","77","55","0","docs/art/production/characters/appearance-refresh-v1/generated/entities/m208_gabumon/motion-contract.json","COST_REFERENCE_NOT_ORIGINAL_ART_COMPLETION"
"m209_kamemon","CREATURE","40","13","83","56","0","docs/art/production/characters/appearance-refresh-v1/generated/entities/m209_kamemon/motion-contract.json","COST_REFERENCE_NOT_ORIGINAL_ART_COMPLETION"
"m210_gizamon","CREATURE","40","13","79","47","0","docs/art/production/characters/appearance-refresh-v1/generated/entities/m210_gizamon/motion-contract.json","COST_REFERENCE_NOT_ORIGINAL_ART_COMPLETION"
"m211_candmon","CREATURE","40","13","80","50","0","docs/art/production/characters/appearance-refresh-v1/generated/entities/m211_candmon/motion-contract.json","COST_REFERENCE_NOT_ORIGINAL_ART_COMPLETION"
"m214_kunemon","CREATURE","40","13","74","41","0","docs/art/production/characters/appearance-refresh-v1/generated/entities/m214_kunemon/motion-contract.json","COST_REFERENCE_NOT_ORIGINAL_ART_COMPLETION"
"m217_gottumon","CREATURE","40","13","80","53","0","docs/art/production/characters/appearance-refresh-v1/generated/entities/m217_gottumon/motion-contract.json","COST_REFERENCE_NOT_ORIGINAL_ART_COMPLETION"
"m218_goburimon","CREATURE","40","13","80","51","0","docs/art/production/characters/appearance-refresh-v1/generated/entities/m218_goburimon/motion-contract.json","COST_REFERENCE_NOT_ORIGINAL_ART_COMPLETION"
"m219_gomamon","CREATURE","40","13","81","46","0","docs/art/production/characters/appearance-refresh-v1/generated/entities/m219_gomamon/motion-contract.json","COST_REFERENCE_NOT_ORIGINAL_ART_COMPLETION"
"m221_terriermon","CREATURE","40","13","80","53","0","docs/art/production/characters/appearance-refresh-v1/generated/entities/m221_terriermon/motion-contract.json","COST_REFERENCE_NOT_ORIGINAL_ART_COMPLETION"
"m222_tentomon","CREATURE","40","13","78","47","0","docs/art/production/characters/appearance-refresh-v1/generated/entities/m222_tentomon/motion-contract.json","COST_REFERENCE_NOT_ORIGINAL_ART_COMPLETION"
"m223_toyagumon","CREATURE","40","13","81","53","0","docs/art/production/characters/appearance-refresh-v1/generated/entities/m223_toyagumon/motion-contract.json","COST_REFERENCE_NOT_ORIGINAL_ART_COMPLETION"
"m224_dracomon","CREATURE","40","13","81","44","0","docs/art/production/characters/appearance-refresh-v1/generated/entities/m224_dracomon/motion-contract.json","COST_REFERENCE_NOT_ORIGINAL_ART_COMPLETION"
"m225_bakumon","CREATURE","40","13","83","44","0","docs/art/production/characters/appearance-refresh-v1/generated/entities/m225_bakumon/motion-contract.json","COST_REFERENCE_NOT_ORIGINAL_ART_COMPLETION"
"m226_hagurumon","CREATURE","40","13","83","40","0","docs/art/production/characters/appearance-refresh-v1/generated/entities/m226_hagurumon/motion-contract.json","COST_REFERENCE_NOT_ORIGINAL_ART_COMPLETION"
"m227_patamon","CREATURE","40","13","82","49","0","docs/art/production/characters/appearance-refresh-v1/generated/entities/m227_patamon/motion-contract.json","COST_REFERENCE_NOT_ORIGINAL_ART_COMPLETION"
"m228_palmon","CREATURE","40","13","79","48","0","docs/art/production/characters/appearance-refresh-v1/generated/entities/m228_palmon/motion-contract.json","COST_REFERENCE_NOT_ORIGINAL_ART_COMPLETION"
"m229_picodevimon","CREATURE","40","13","81","42","0","docs/art/production/characters/appearance-refresh-v1/generated/entities/m229_picodevimon/motion-contract.json","COST_REFERENCE_NOT_ORIGINAL_ART_COMPLETION"
"m230_piyomon","CREATURE","40","13","83","53","0","docs/art/production/characters/appearance-refresh-v1/generated/entities/m230_piyomon/motion-contract.json","COST_REFERENCE_NOT_ORIGINAL_ART_COMPLETION"
"m231_falcomon","CREATURE","40","13","82","48","0","docs/art/production/characters/appearance-refresh-v1/generated/entities/m231_falcomon/motion-contract.json","COST_REFERENCE_NOT_ORIGINAL_ART_COMPLETION"
"m232_plotmon","CREATURE","40","13","81","50","0","docs/art/production/characters/appearance-refresh-v1/generated/entities/m232_plotmon/motion-contract.json","COST_REFERENCE_NOT_ORIGINAL_ART_COMPLETION"
"m233_floramon","CREATURE","40","13","81","49","0","docs/art/production/characters/appearance-refresh-v1/generated/entities/m233_floramon/motion-contract.json","COST_REFERENCE_NOT_ORIGINAL_ART_COMPLETION"
"m235_mushmon","CREATURE","40","13","81","51","0","docs/art/production/characters/appearance-refresh-v1/generated/entities/m235_mushmon/motion-contract.json","COST_REFERENCE_NOT_ORIGINAL_ART_COMPLETION"
"m236_yukiagumon","CREATURE","40","13","83","50","0","docs/art/production/characters/appearance-refresh-v1/generated/entities/m236_yukiagumon/motion-contract.json","COST_REFERENCE_NOT_ORIGINAL_ART_COMPLETION"
"m237_renamon","CREATURE","40","13","81","55","0","docs/art/production/characters/appearance-refresh-v1/generated/entities/m237_renamon/motion-contract.json","COST_REFERENCE_NOT_ORIGINAL_ART_COMPLETION"
"m238_coronamon","CREATURE","40","13","84","45","0","docs/art/production/characters/appearance-refresh-v1/generated/entities/m238_coronamon/motion-contract.json","COST_REFERENCE_NOT_ORIGINAL_ART_COMPLETION"
"m239_lunamon","CREATURE","40","13","75","42","0","docs/art/production/characters/appearance-refresh-v1/generated/entities/m239_lunamon/motion-contract.json","COST_REFERENCE_NOT_ORIGINAL_ART_COMPLETION"
"m240_kuroagumon","CREATURE","40","13","83","52","0","docs/art/production/characters/appearance-refresh-v1/generated/entities/m240_kuroagumon/motion-contract.json","COST_REFERENCE_NOT_ORIGINAL_ART_COMPLETION"
"m241_psychemon","CREATURE","40","13","77","56","0","docs/art/production/characters/appearance-refresh-v1/generated/entities/m241_psychemon/motion-contract.json","COST_REFERENCE_NOT_ORIGINAL_ART_COMPLETION"
"m242_alraumon","CREATURE","40","13","79","48","0","docs/art/production/characters/appearance-refresh-v1/generated/entities/m242_alraumon/motion-contract.json","COST_REFERENCE_NOT_ORIGINAL_ART_COMPLETION"
"m243_tsukaimon","CREATURE","40","13","82","49","0","docs/art/production/characters/appearance-refresh-v1/generated/entities/m243_tsukaimon/motion-contract.json","COST_REFERENCE_NOT_ORIGINAL_ART_COMPLETION"
"m244_vmon","CREATURE","40","13","87","49","0","docs/art/production/characters/appearance-refresh-v1/generated/entities/m244_vmon/motion-contract.json","COST_REFERENCE_NOT_ORIGINAL_ART_COMPLETION"
"m255_guilmon","CREATURE","40","13","81","53","0","docs/art/production/characters/appearance-refresh-v1/generated/entities/m255_guilmon/motion-contract.json","COST_REFERENCE_NOT_ORIGINAL_ART_COMPLETION"
"m301_ankylomon","CREATURE","40","13","76","51","0","docs/art/production/characters/appearance-refresh-v1/generated/entities/m301_ankylomon/motion-contract.json","COST_REFERENCE_NOT_ORIGINAL_ART_COMPLETION"
"m303_ikkakumon","CREATURE","40","13","77","43","0","docs/art/production/characters/appearance-refresh-v1/generated/entities/m303_ikkakumon/motion-contract.json","COST_REFERENCE_NOT_ORIGINAL_ART_COMPLETION"
"m304_wizarmon","CREATURE","40","13","76","52","0","docs/art/production/characters/appearance-refresh-v1/generated/entities/m304_wizarmon/motion-contract.json","COST_REFERENCE_NOT_ORIGINAL_ART_COMPLETION"
"m305_woodmon","CREATURE","40","13","76","42","0","docs/art/production/characters/appearance-refresh-v1/generated/entities/m305_woodmon/motion-contract.json","COST_REFERENCE_NOT_ORIGINAL_ART_COMPLETION"
"m306_airdramon","CREATURE","40","13","82","51","0","docs/art/production/characters/appearance-refresh-v1/generated/entities/m306_airdramon/motion-contract.json","COST_REFERENCE_NOT_ORIGINAL_ART_COMPLETION"
"m308_angemon","CREATURE","40","13","73","40","0","docs/art/production/characters/appearance-refresh-v1/generated/entities/m308_angemon/motion-contract.json","COST_REFERENCE_NOT_ORIGINAL_ART_COMPLETION"
"m310_orgemon","CREATURE","40","13","75","45","0","docs/art/production/characters/appearance-refresh-v1/generated/entities/m310_orgemon/motion-contract.json","COST_REFERENCE_NOT_ORIGINAL_ART_COMPLETION"
"m311_gaogamon","CREATURE","40","13","83","58","0","docs/art/production/characters/appearance-refresh-v1/generated/entities/m311_gaogamon/motion-contract.json","COST_REFERENCE_NOT_ORIGINAL_ART_COMPLETION"
"m312_kabuterimon","CREATURE","40","13","80","47","0","docs/art/production/characters/appearance-refresh-v1/generated/entities/m312_kabuterimon/motion-contract.json","COST_REFERENCE_NOT_ORIGINAL_ART_COMPLETION"
"m313_gargomon","CREATURE","40","13","75","49","0","docs/art/production/characters/appearance-refresh-v1/generated/entities/m313_gargomon/motion-contract.json","COST_REFERENCE_NOT_ORIGINAL_ART_COMPLETION"
"m314_garurumon_va","CREATURE","40","13","79","57","0","docs/art/production/characters/appearance-refresh-v1/generated/entities/m314_garurumon_va/motion-contract.json","COST_REFERENCE_NOT_ORIGINAL_ART_COMPLETION"
"m315_garurumon_vi","CREATURE","40","13","79","56","0","docs/art/production/characters/appearance-refresh-v1/generated/entities/m315_garurumon_vi/motion-contract.json","COST_REFERENCE_NOT_ORIGINAL_ART_COMPLETION"
"m316_guardromon","CREATURE","40","13","77","45","0","docs/art/production/characters/appearance-refresh-v1/generated/entities/m316_guardromon/motion-contract.json","COST_REFERENCE_NOT_ORIGINAL_ART_COMPLETION"
"m317_kiwimon","CREATURE","40","13","74","49","0","docs/art/production/characters/appearance-refresh-v1/generated/entities/m317_kiwimon/motion-contract.json","COST_REFERENCE_NOT_ORIGINAL_ART_COMPLETION"
"m318_kyubimon","CREATURE","40","13","79","49","0","docs/art/production/characters/appearance-refresh-v1/generated/entities/m318_kyubimon/motion-contract.json","COST_REFERENCE_NOT_ORIGINAL_ART_COMPLETION"
"m320_graymon","CREATURE","40","13","77","55","0","docs/art/production/characters/appearance-refresh-v1/generated/entities/m320_graymon/motion-contract.json","COST_REFERENCE_NOT_ORIGINAL_ART_COMPLETION"
"m321_clockmon","CREATURE","40","13","87","54","0","docs/art/production/characters/appearance-refresh-v1/generated/entities/m321_clockmon/motion-contract.json","COST_REFERENCE_NOT_ORIGINAL_ART_COMPLETION"
"m322_kuwagamon","CREATURE","40","13","82","46","0","docs/art/production/characters/appearance-refresh-v1/generated/entities/m322_kuwagamon/motion-contract.json","COST_REFERENCE_NOT_ORIGINAL_ART_COMPLETION"
"m323_gekomon","CREATURE","40","13","74","47","0","docs/art/production/characters/appearance-refresh-v1/generated/entities/m323_gekomon/motion-contract.json","COST_REFERENCE_NOT_ORIGINAL_ART_COMPLETION"
"m324_gesomon","CREATURE","40","13","75","53","0","docs/art/production/characters/appearance-refresh-v1/generated/entities/m324_gesomon/motion-contract.json","COST_REFERENCE_NOT_ORIGINAL_ART_COMPLETION"
"m325_centalmon","CREATURE","40","13","75","47","0","docs/art/production/characters/appearance-refresh-v1/generated/entities/m325_centalmon/motion-contract.json","COST_REFERENCE_NOT_ORIGINAL_ART_COMPLETION"
"m326_cockatrimon","CREATURE","40","13","72","50","0","docs/art/production/characters/appearance-refresh-v1/generated/entities/m326_cockatrimon/motion-contract.json","COST_REFERENCE_NOT_ORIGINAL_ART_COMPLETION"
"m328_thanderballmon","CREATURE","40","13","73","45","0","docs/art/production/characters/appearance-refresh-v1/generated/entities/m328_thanderballmon/motion-contract.json","COST_REFERENCE_NOT_ORIGINAL_ART_COMPLETION"
"m329_shellmon","CREATURE","40","13","83","51","0","docs/art/production/characters/appearance-refresh-v1/generated/entities/m329_shellmon/motion-contract.json","COST_REFERENCE_NOT_ORIGINAL_ART_COMPLETION"
"m330_geograymon","CREATURE","40","13","77","51","0","docs/art/production/characters/appearance-refresh-v1/generated/entities/m330_geograymon/motion-contract.json","COST_REFERENCE_NOT_ORIGINAL_ART_COMPLETION"
"m331_seadramon","CREATURE","40","13","82","53","0","docs/art/production/characters/appearance-refresh-v1/generated/entities/m331_seadramon/motion-contract.json","COST_REFERENCE_NOT_ORIGINAL_ART_COMPLETION"
"m333_scumon","CREATURE","40","13","80","42","0","docs/art/production/characters/appearance-refresh-v1/generated/entities/m333_scumon/motion-contract.json","COST_REFERENCE_NOT_ORIGINAL_ART_COMPLETION"
"m334_starmon","CREATURE","40","13","75","50","0","docs/art/production/characters/appearance-refresh-v1/generated/entities/m334_starmon/motion-contract.json","COST_REFERENCE_NOT_ORIGINAL_ART_COMPLETION"
"m337_darcmon","CREATURE","40","13","73","46","0","docs/art/production/characters/appearance-refresh-v1/generated/entities/m337_darcmon/motion-contract.json","COST_REFERENCE_NOT_ORIGINAL_ART_COMPLETION"
"m338_darktyranomon","CREATURE","40","13","79","55","0","docs/art/production/characters/appearance-refresh-v1/generated/entities/m338_darktyranomon/motion-contract.json","COST_REFERENCE_NOT_ORIGINAL_ART_COMPLETION"
"m339_tyranomon","CREATURE","40","13","79","55","0","docs/art/production/characters/appearance-refresh-v1/generated/entities/m339_tyranomon/motion-contract.json","COST_REFERENCE_NOT_ORIGINAL_ART_COMPLETION"
"m340_tailmon","CREATURE","40","13","83","53","0","docs/art/production/characters/appearance-refresh-v1/generated/entities/m340_tailmon/motion-contract.json","COST_REFERENCE_NOT_ORIGINAL_ART_COMPLETION"
"m341_devidramon","CREATURE","40","13","82","52","0","docs/art/production/characters/appearance-refresh-v1/generated/entities/m341_devidramon/motion-contract.json","COST_REFERENCE_NOT_ORIGINAL_ART_COMPLETION"
"m342_devimon","CREATURE","40","13","75","53","0","docs/art/production/characters/appearance-refresh-v1/generated/entities/m342_devimon/motion-contract.json","COST_REFERENCE_NOT_ORIGINAL_ART_COMPLETION"
"m343_togemon","CREATURE","40","13","75","48","0","docs/art/production/characters/appearance-refresh-v1/generated/entities/m343_togemon/motion-contract.json","COST_REFERENCE_NOT_ORIGINAL_ART_COMPLETION"
"m345_tortamon","CREATURE","40","13","81","43","0","docs/art/production/characters/appearance-refresh-v1/generated/entities/m345_tortamon/motion-contract.json","COST_REFERENCE_NOT_ORIGINAL_ART_COMPLETION"
"m346_numemon","CREATURE","40","13","81","44","0","docs/art/production/characters/appearance-refresh-v1/generated/entities/m346_numemon/motion-contract.json","COST_REFERENCE_NOT_ORIGINAL_ART_COMPLETION"
"m347_bakemon","CREATURE","40","13","83","42","0","docs/art/production/characters/appearance-refresh-v1/generated/entities/m347_bakemon/motion-contract.json","COST_REFERENCE_NOT_ORIGINAL_ART_COMPLETION"
"m349_bardramon","CREATURE","40","13","75","54","0","docs/art/production/characters/appearance-refresh-v1/generated/entities/m349_bardramon/motion-contract.json","COST_REFERENCE_NOT_ORIGINAL_ART_COMPLETION"
"m351_vagimon","CREATURE","40","13","79","42","0","docs/art/production/characters/appearance-refresh-v1/generated/entities/m351_vagimon/motion-contract.json","COST_REFERENCE_NOT_ORIGINAL_ART_COMPLETION"
"m352_peckmon","CREATURE","40","13","93","53","0","docs/art/production/characters/appearance-refresh-v1/generated/entities/m352_peckmon/motion-contract.json","COST_REFERENCE_NOT_ORIGINAL_ART_COMPLETION"
"m353_meramon","CREATURE","40","13","77","54","0","docs/art/production/characters/appearance-refresh-v1/generated/entities/m353_meramon/motion-contract.json","COST_REFERENCE_NOT_ORIGINAL_ART_COMPLETION"
"m354_mojyamon","CREATURE","40","13","77","54","0","docs/art/production/characters/appearance-refresh-v1/generated/entities/m354_mojyamon/motion-contract.json","COST_REFERENCE_NOT_ORIGINAL_ART_COMPLETION"
"m355_monochromon","CREATURE","40","13","80","43","0","docs/art/production/characters/appearance-refresh-v1/generated/entities/m355_monochromon/motion-contract.json","COST_REFERENCE_NOT_ORIGINAL_ART_COMPLETION"
"m356_yukidarumon","CREATURE","40","13","79","55","0","docs/art/production/characters/appearance-refresh-v1/generated/entities/m356_yukidarumon/motion-contract.json","COST_REFERENCE_NOT_ORIGINAL_ART_COMPLETION"
"m357_unimon","CREATURE","40","13","77","48","0","docs/art/production/characters/appearance-refresh-v1/generated/entities/m357_unimon/motion-contract.json","COST_REFERENCE_NOT_ORIGINAL_ART_COMPLETION"
"m358_youkomon","CREATURE","40","13","79","48","0","docs/art/production/characters/appearance-refresh-v1/generated/entities/m358_youkomon/motion-contract.json","COST_REFERENCE_NOT_ORIGINAL_ART_COMPLETION"
"m359_rynxmon","CREATURE","40","13","80","50","0","docs/art/production/characters/appearance-refresh-v1/generated/entities/m359_rynxmon/motion-contract.json","COST_REFERENCE_NOT_ORIGINAL_ART_COMPLETION"
"m362_raremon","CREATURE","40","13","81","46","0","docs/art/production/characters/appearance-refresh-v1/generated/entities/m362_raremon/motion-contract.json","COST_REFERENCE_NOT_ORIGINAL_ART_COMPLETION"
"m363_leomon","CREATURE","40","13","76","55","0","docs/art/production/characters/appearance-refresh-v1/generated/entities/m363_leomon/motion-contract.json","COST_REFERENCE_NOT_ORIGINAL_ART_COMPLETION"
"m364_redvagimon","CREATURE","40","13","79","50","0","docs/art/production/characters/appearance-refresh-v1/generated/entities/m364_redvagimon/motion-contract.json","COST_REFERENCE_NOT_ORIGINAL_ART_COMPLETION"
"m366_coredramon_ten","CREATURE","40","13","76","45","0","docs/art/production/characters/appearance-refresh-v1/generated/entities/m366_coredramon_ten/motion-contract.json","COST_REFERENCE_NOT_ORIGINAL_ART_COMPLETION"
"m367_coredramon_ti","CREATURE","40","13","76","45","0","docs/art/production/characters/appearance-refresh-v1/generated/entities/m367_coredramon_ti/motion-contract.json","COST_REFERENCE_NOT_ORIGINAL_ART_COMPLETION"
"m368_firamon","CREATURE","40","13","82","55","0","docs/art/production/characters/appearance-refresh-v1/generated/entities/m368_firamon/motion-contract.json","COST_REFERENCE_NOT_ORIGINAL_ART_COMPLETION"
"m369_lekismon","CREATURE","40","13","77","48","0","docs/art/production/characters/appearance-refresh-v1/generated/entities/m369_lekismon/motion-contract.json","COST_REFERENCE_NOT_ORIGINAL_ART_COMPLETION"
"m370_icedevimon","CREATURE","40","13","75","53","0","docs/art/production/characters/appearance-refresh-v1/generated/entities/m370_icedevimon/motion-contract.json","COST_REFERENCE_NOT_ORIGINAL_ART_COMPLETION"
"m371_grurumon","CREATURE","40","13","81","58","0","docs/art/production/characters/appearance-refresh-v1/generated/entities/m371_grurumon/motion-contract.json","COST_REFERENCE_NOT_ORIGINAL_ART_COMPLETION"
"m372_geremon","CREATURE","40","13","81","47","0","docs/art/production/characters/appearance-refresh-v1/generated/entities/m372_geremon/motion-contract.json","COST_REFERENCE_NOT_ORIGINAL_ART_COMPLETION"
"m373_bluemeramon","CREATURE","40","13","75","54","0","docs/art/production/characters/appearance-refresh-v1/generated/entities/m373_bluemeramon/motion-contract.json","COST_REFERENCE_NOT_ORIGINAL_ART_COMPLETION"
"m374_sorcerimon","CREATURE","40","13","76","53","0","docs/art/production/characters/appearance-refresh-v1/generated/entities/m374_sorcerimon/motion-contract.json","COST_REFERENCE_NOT_ORIGINAL_ART_COMPLETION"
"m375_akatorimon","CREATURE","40","13","72","49","0","docs/art/production/characters/appearance-refresh-v1/generated/entities/m375_akatorimon/motion-contract.json","COST_REFERENCE_NOT_ORIGINAL_ART_COMPLETION"
"m376_saverdramon","CREATURE","40","13","75","51","0","docs/art/production/characters/appearance-refresh-v1/generated/entities/m376_saverdramon/motion-contract.json","COST_REFERENCE_NOT_ORIGINAL_ART_COMPLETION"
"m377_icemon","CREATURE","40","13","80","53","0","docs/art/production/characters/appearance-refresh-v1/generated/entities/m377_icemon/motion-contract.json","COST_REFERENCE_NOT_ORIGINAL_ART_COMPLETION"
"m378_vdramon","CREATURE","40","13","77","45","0","docs/art/production/characters/appearance-refresh-v1/generated/entities/m378_vdramon/motion-contract.json","COST_REFERENCE_NOT_ORIGINAL_ART_COMPLETION"
"m379_growmon","CREATURE","40","13","76","47","0","docs/art/production/characters/appearance-refresh-v1/generated/entities/m379_growmon/motion-contract.json","COST_REFERENCE_NOT_ORIGINAL_ART_COMPLETION"
"m401_atlurkabuterimon","CREATURE","40","13","77","45","0","docs/art/production/characters/appearance-refresh-v1/generated/entities/m401_atlurkabuterimon/motion-contract.json","COST_REFERENCE_NOT_ORIGINAL_ART_COMPLETION"
"m402_anomalocarimon","CREATURE","40","13","81","47","0","docs/art/production/characters/appearance-refresh-v1/generated/entities/m402_anomalocarimon/motion-contract.json","COST_REFERENCE_NOT_ORIGINAL_ART_COMPLETION"
"m403_andromon","CREATURE","40","13","80","54","0","docs/art/production/characters/appearance-refresh-v1/generated/entities/m403_andromon/motion-contract.json","COST_REFERENCE_NOT_ORIGINAL_ART_COMPLETION"
"m404_etemon","CREATURE","40","13","74","45","0","docs/art/production/characters/appearance-refresh-v1/generated/entities/m404_etemon/motion-contract.json","COST_REFERENCE_NOT_ORIGINAL_ART_COMPLETION"
"m405_angewomon","CREATURE","40","13","73","44","0","docs/art/production/characters/appearance-refresh-v1/generated/entities/m405_angewomon/motion-contract.json","COST_REFERENCE_NOT_ORIGINAL_ART_COMPLETION"
"m406_oukuwamon","CREATURE","40","13","76","49","0","docs/art/production/characters/appearance-refresh-v1/generated/entities/m406_oukuwamon/motion-contract.json","COST_REFERENCE_NOT_ORIGINAL_ART_COMPLETION"
"m407_gurudamon","CREATURE","40","13","79","51","0","docs/art/production/characters/appearance-refresh-v1/generated/entities/m407_gurudamon/motion-contract.json","COST_REFERENCE_NOT_ORIGINAL_ART_COMPLETION"
"m408_gerbemon","CREATURE","40","13","76","46","0","docs/art/production/characters/appearance-refresh-v1/generated/entities/m408_gerbemon/motion-contract.json","COST_REFERENCE_NOT_ORIGINAL_ART_COMPLETION"
"m410_cyberdramon","CREATURE","40","13","77","50","1","docs/art/production/characters/appearance-refresh-v1/generated/entities/m410_cyberdramon/motion-contract.json","COST_REFERENCE_NOT_ORIGINAL_ART_COMPLETION"
"m412_jyureimon","CREATURE","40","13","73","47","0","docs/art/production/characters/appearance-refresh-v1/generated/entities/m412_jyureimon/motion-contract.json","COST_REFERENCE_NOT_ORIGINAL_ART_COMPLETION"
"m413_skullgreymon","CREATURE","40","13","79","48","0","docs/art/production/characters/appearance-refresh-v1/generated/entities/m413_skullgreymon/motion-contract.json","COST_REFERENCE_NOT_ORIGINAL_ART_COMPLETION"
"m414_zudomon","CREATURE","40","13","74","48","0","docs/art/production/characters/appearance-refresh-v1/generated/entities/m414_zudomon/motion-contract.json","COST_REFERENCE_NOT_ORIGINAL_ART_COMPLETION"
"m415_dagomon","CREATURE","40","13","82","44","0","docs/art/production/characters/appearance-refresh-v1/generated/entities/m415_dagomon/motion-contract.json","COST_REFERENCE_NOT_ORIGINAL_ART_COMPLETION"
"m416_deathmeramon","CREATURE","40","13","76","52","0","docs/art/production/characters/appearance-refresh-v1/generated/entities/m416_deathmeramon/motion-contract.json","COST_REFERENCE_NOT_ORIGINAL_ART_COMPLETION"
"m417_delumon","CREATURE","40","13","79","43","0","docs/art/production/characters/appearance-refresh-v1/generated/entities/m417_delumon/motion-contract.json","COST_REFERENCE_NOT_ORIGINAL_ART_COMPLETION"
"m418_tonosamagekomon","CREATURE","40","13","75","45","0","docs/art/production/characters/appearance-refresh-v1/generated/entities/m418_tonosamagekomon/motion-contract.json","COST_REFERENCE_NOT_ORIGINAL_ART_COMPLETION"
"m419_toriceramon","CREATURE","40","13","77","45","0","docs/art/production/characters/appearance-refresh-v1/generated/entities/m419_toriceramon/motion-contract.json","COST_REFERENCE_NOT_ORIGINAL_ART_COMPLETION"
"m420_knightmon","CREATURE","40","13","75","43","0","docs/art/production/characters/appearance-refresh-v1/generated/entities/m420_knightmon/motion-contract.json","COST_REFERENCE_NOT_ORIGINAL_ART_COMPLETION"
"m422_parrotmon","CREATURE","40","13","75","43","0","docs/art/production/characters/appearance-refresh-v1/generated/entities/m422_parrotmon/motion-contract.json","COST_REFERENCE_NOT_ORIGINAL_ART_COMPLETION"
"m423_hangyomon","CREATURE","40","13","79","48","0","docs/art/production/characters/appearance-refresh-v1/generated/entities/m423_hangyomon/motion-contract.json","COST_REFERENCE_NOT_ORIGINAL_ART_COMPLETION"
"m424_pandamon","CREATURE","40","13","75","52","0","docs/art/production/characters/appearance-refresh-v1/generated/entities/m424_pandamon/motion-contract.json","COST_REFERENCE_NOT_ORIGINAL_ART_COMPLETION"
"m426_bigmamemon","CREATURE","40","13","75","43","0","docs/art/production/characters/appearance-refresh-v1/generated/entities/m426_bigmamemon/motion-contract.json","COST_REFERENCE_NOT_ORIGINAL_ART_COMPLETION"
"m427_picklemon","CREATURE","40","13","73","52","0","docs/art/production/characters/appearance-refresh-v1/generated/entities/m427_picklemon/motion-contract.json","COST_REFERENCE_NOT_ORIGINAL_ART_COMPLETION"
"m428_fantomon","CREATURE","40","13","81","46","0","docs/art/production/characters/appearance-refresh-v1/generated/entities/m428_fantomon/motion-contract.json","COST_REFERENCE_NOT_ORIGINAL_ART_COMPLETION"
"m430_vademon","CREATURE","40","13","77","52","0","docs/art/production/characters/appearance-refresh-v1/generated/entities/m430_vademon/motion-contract.json","COST_REFERENCE_NOT_ORIGINAL_ART_COMPLETION"
"m431_whamon","CREATURE","40","13","82","38","0","docs/art/production/characters/appearance-refresh-v1/generated/entities/m431_whamon/motion-contract.json","COST_REFERENCE_NOT_ORIGINAL_ART_COMPLETION"
"m432_holyangemon","CREATURE","40","13","74","48","0","docs/art/production/characters/appearance-refresh-v1/generated/entities/m432_holyangemon/motion-contract.json","COST_REFERENCE_NOT_ORIGINAL_ART_COMPLETION"
"m433_machgaogamon","CREATURE","40","13","87","59","0","docs/art/production/characters/appearance-refresh-v1/generated/entities/m433_machgaogamon/motion-contract.json","COST_REFERENCE_NOT_ORIGINAL_ART_COMPLETION"
"m435_mamemon","CREATURE","40","13","83","42","0","docs/art/production/characters/appearance-refresh-v1/generated/entities/m435_mamemon/motion-contract.json","COST_REFERENCE_NOT_ORIGINAL_ART_COMPLETION"
"m437_mammon","CREATURE","40","13","77","45","0","docs/art/production/characters/appearance-refresh-v1/generated/entities/m437_mammon/motion-contract.json","COST_REFERENCE_NOT_ORIGINAL_ART_COMPLETION"
"m438_megaseadramon","CREATURE","40","13","75","46","0","docs/art/production/characters/appearance-refresh-v1/generated/entities/m438_megaseadramon/motion-contract.json","COST_REFERENCE_NOT_ORIGINAL_ART_COMPLETION"
"m439_megadramon","CREATURE","40","13","76","47","0","docs/art/production/characters/appearance-refresh-v1/generated/entities/m439_megadramon/motion-contract.json","COST_REFERENCE_NOT_ORIGINAL_ART_COMPLETION"
"m440_metalgreymon_vi","CREATURE","40","13","76","56","0","docs/art/production/characters/appearance-refresh-v1/generated/entities/m440_metalgreymon_vi/motion-contract.json","COST_REFERENCE_NOT_ORIGINAL_ART_COMPLETION"
"m441_metalgreymon_va","CREATURE","40","13","76","56","0","docs/art/production/characters/appearance-refresh-v1/generated/entities/m441_metalgreymon_va/motion-contract.json","COST_REFERENCE_NOT_ORIGINAL_ART_COMPLETION"
"m442_metaltyranomon","CREATURE","40","13","76","49","0","docs/art/production/characters/appearance-refresh-v1/generated/entities/m442_metaltyranomon/motion-contract.json","COST_REFERENCE_NOT_ORIGINAL_ART_COMPLETION"
"m444_monzaemon","CREATURE","40","13","79","55","0","docs/art/production/characters/appearance-refresh-v1/generated/entities/m444_monzaemon/motion-contract.json","COST_REFERENCE_NOT_ORIGINAL_ART_COMPLETION"
"m445_yatagaramon","CREATURE","40","13","73","48","0","docs/art/production/characters/appearance-refresh-v1/generated/entities/m445_yatagaramon/motion-contract.json","COST_REFERENCE_NOT_ORIGINAL_ART_COMPLETION"
"m446_rizegreymon","CREATURE","40","13","74","52","0","docs/art/production/characters/appearance-refresh-v1/generated/entities/m446_rizegreymon/motion-contract.json","COST_REFERENCE_NOT_ORIGINAL_ART_COMPLETION"
"m447_rapidmon","CREATURE","40","13","75","47","0","docs/art/production/characters/appearance-refresh-v1/generated/entities/m447_rapidmon/motion-contract.json","COST_REFERENCE_NOT_ORIGINAL_ART_COMPLETION"
"m448_lilimon","CREATURE","40","13","79","55","0","docs/art/production/characters/appearance-refresh-v1/generated/entities/m448_lilimon/motion-contract.json","COST_REFERENCE_NOT_ORIGINAL_ART_COMPLETION"
"m449_ladydevimon","CREATURE","40","13","79","50","0","docs/art/production/characters/appearance-refresh-v1/generated/entities/m449_ladydevimon/motion-contract.json","COST_REFERENCE_NOT_ORIGINAL_ART_COMPLETION"
"m450_warumonzaemon","CREATURE","40","13","75","45","0","docs/art/production/characters/appearance-refresh-v1/generated/entities/m450_warumonzaemon/motion-contract.json","COST_REFERENCE_NOT_ORIGINAL_ART_COMPLETION"
"m451_weregarurumon_va","CREATURE","40","13","75","54","0","docs/art/production/characters/appearance-refresh-v1/generated/entities/m451_weregarurumon_va/motion-contract.json","COST_REFERENCE_NOT_ORIGINAL_ART_COMPLETION"
"m452_weregarurumon_vi","CREATURE","40","13","76","57","0","docs/art/production/characters/appearance-refresh-v1/generated/entities/m452_weregarurumon_vi/motion-contract.json","COST_REFERENCE_NOT_ORIGINAL_ART_COMPLETION"
"m453_wingdramon","CREATURE","40","13","85","46","0","docs/art/production/characters/appearance-refresh-v1/generated/entities/m453_wingdramon/motion-contract.json","COST_REFERENCE_NOT_ORIGINAL_ART_COMPLETION"
"m454_grondramon","CREATURE","40","13","81","49","0","docs/art/production/characters/appearance-refresh-v1/generated/entities/m454_grondramon/motion-contract.json","COST_REFERENCE_NOT_ORIGINAL_ART_COMPLETION"
"m455_flaremon","CREATURE","40","13","87","51","0","docs/art/production/characters/appearance-refresh-v1/generated/entities/m455_flaremon/motion-contract.json","COST_REFERENCE_NOT_ORIGINAL_ART_COMPLETION"
"m456_crescemon","CREATURE","40","13","76","49","1","docs/art/production/characters/appearance-refresh-v1/generated/entities/m456_crescemon/motion-contract.json","COST_REFERENCE_NOT_ORIGINAL_ART_COMPLETION"
"m457_superstarmon","CREATURE","40","13","75","48","0","docs/art/production/characters/appearance-refresh-v1/generated/entities/m457_superstarmon/motion-contract.json","COST_REFERENCE_NOT_ORIGINAL_ART_COMPLETION"
"m458_blackrapidmon","CREATURE","40","13","75","53","0","docs/art/production/characters/appearance-refresh-v1/generated/entities/m458_blackrapidmon/motion-contract.json","COST_REFERENCE_NOT_ORIGINAL_ART_COMPLETION"
"m501_vikemon","CREATURE","40","13","77","49","0","docs/art/production/characters/appearance-refresh-v1/generated/entities/m501_vikemon/motion-contract.json","COST_REFERENCE_NOT_ORIGINAL_ART_COMPLETION"
"m502_valkyrimon","CREATURE","40","13","73","33","0","docs/art/production/characters/appearance-refresh-v1/generated/entities/m502_valkyrimon/motion-contract.json","COST_REFERENCE_NOT_ORIGINAL_ART_COMPLETION"
"m503_warglaymon","CREATURE","40","13","81","36","0","docs/art/production/characters/appearance-refresh-v1/generated/entities/m503_warglaymon/motion-contract.json","COST_REFERENCE_NOT_ORIGINAL_ART_COMPLETION"
"m504_gigaseadramon","CREATURE","40","13","73","28","0","docs/art/production/characters/appearance-refresh-v1/generated/entities/m504_gigaseadramon/motion-contract.json","COST_REFERENCE_NOT_ORIGINAL_ART_COMPLETION"
"m505_grankuwagamon","CREATURE","40","13","71","33","0","docs/art/production/characters/appearance-refresh-v1/generated/entities/m505_grankuwagamon/motion-contract.json","COST_REFERENCE_NOT_ORIGINAL_ART_COMPLETION"
"m506_griffomon","CREATURE","40","13","79","38","0","docs/art/production/characters/appearance-refresh-v1/generated/entities/m506_griffomon/motion-contract.json","COST_REFERENCE_NOT_ORIGINAL_ART_COMPLETION"
"m507_crossmon","CREATURE","40","13","73","31","0","docs/art/production/characters/appearance-refresh-v1/generated/entities/m507_crossmon/motion-contract.json","COST_REFERENCE_NOT_ORIGINAL_ART_COMPLETION"
"m508_saberleomon","CREATURE","40","13","79","51","0","docs/art/production/characters/appearance-refresh-v1/generated/entities/m508_saberleomon/motion-contract.json","COST_REFERENCE_NOT_ORIGINAL_ART_COMPLETION"
"m509_shinegraymon","CREATURE","40","13","83","39","0","docs/art/production/characters/appearance-refresh-v1/generated/entities/m509_shinegraymon/motion-contract.json","COST_REFERENCE_NOT_ORIGINAL_ART_COMPLETION"
"m510_skullmammon","CREATURE","40","13","73","33","0","docs/art/production/characters/appearance-refresh-v1/generated/entities/m510_skullmammon/motion-contract.json","COST_REFERENCE_NOT_ORIGINAL_ART_COMPLETION"
"m511_saintgargomon","CREATURE","40","13","76","37","0","docs/art/production/characters/appearance-refresh-v1/generated/entities/m511_saintgargomon/motion-contract.json","COST_REFERENCE_NOT_ORIGINAL_ART_COMPLETION"
"m512_hiandromon","CREATURE","40","13","73","32","0","docs/art/production/characters/appearance-refresh-v1/generated/entities/m512_hiandromon/motion-contract.json","COST_REFERENCE_NOT_ORIGINAL_ART_COMPLETION"
"m513_bantyoliomon","CREATURE","40","13","82","36","17","docs/art/production/characters/appearance-refresh-v1/generated/entities/m513_bantyoliomon/motion-contract.json","COST_REFERENCE_NOT_ORIGINAL_ART_COMPLETION"
"m514_piemon","CREATURE","40","13","78","38","0","docs/art/production/characters/appearance-refresh-v1/generated/entities/m514_piemon/motion-contract.json","COST_REFERENCE_NOT_ORIGINAL_ART_COMPLETION"
"m515_pinochimon","CREATURE","40","13","75","34","0","docs/art/production/characters/appearance-refresh-v1/generated/entities/m515_pinochimon/motion-contract.json","COST_REFERENCE_NOT_ORIGINAL_ART_COMPLETION"
"m516_pharaohmon","CREATURE","40","13","76","35","0","docs/art/production/characters/appearance-refresh-v1/generated/entities/m516_pharaohmon/motion-contract.json","COST_REFERENCE_NOT_ORIGINAL_ART_COMPLETION"
"m517_pukumon","CREATURE","40","13","75","33","0","docs/art/production/characters/appearance-refresh-v1/generated/entities/m517_pukumon/motion-contract.json","COST_REFERENCE_NOT_ORIGINAL_ART_COMPLETION"
"m518_blackwargreymon","CREATURE","40","13","81","36","0","docs/art/production/characters/appearance-refresh-v1/generated/entities/m518_blackwargreymon/motion-contract.json","COST_REFERENCE_NOT_ORIGINAL_ART_COMPLETION"
"m519_princemamemon","CREATURE","40","13","74","48","0","docs/art/production/characters/appearance-refresh-v1/generated/entities/m519_princemamemon/motion-contract.json","COST_REFERENCE_NOT_ORIGINAL_ART_COMPLETION"
"m520_pilesiomon","CREATURE","40","13","76","42","0","docs/art/production/characters/appearance-refresh-v1/generated/entities/m520_pilesiomon/motion-contract.json","COST_REFERENCE_NOT_ORIGINAL_ART_COMPLETION"
"m521_heraklekabuterimon","CREATURE","40","13","81","32","17","docs/art/production/characters/appearance-refresh-v1/generated/entities/m521_heraklekabuterimon/motion-contract.json","COST_REFERENCE_NOT_ORIGINAL_ART_COMPLETION"
"m522_hououmon","CREATURE","40","13","74","29","0","docs/art/production/characters/appearance-refresh-v1/generated/entities/m522_hououmon/motion-contract.json","COST_REFERENCE_NOT_ORIGINAL_ART_COMPLETION"
"m526_miragegaogamon","CREATURE","40","13","82","38","0","docs/art/production/characters/appearance-refresh-v1/generated/entities/m526_miragegaogamon/motion-contract.json","COST_REFERENCE_NOT_ORIGINAL_ART_COMPLETION"
"m527_mugendramon","CREATURE","40","13","86","45","0","docs/art/production/characters/appearance-refresh-v1/generated/entities/m527_mugendramon/motion-contract.json","COST_REFERENCE_NOT_ORIGINAL_ART_COMPLETION"
"m528_metaletemon","CREATURE","40","13","73","35","0","docs/art/production/characters/appearance-refresh-v1/generated/entities/m528_metaletemon/motion-contract.json","COST_REFERENCE_NOT_ORIGINAL_ART_COMPLETION"
"m529_metalgarurumon_va","CREATURE","40","13","82","56","0","docs/art/production/characters/appearance-refresh-v1/generated/entities/m529_metalgarurumon_va/motion-contract.json","COST_REFERENCE_NOT_ORIGINAL_ART_COMPLETION"
"m530_metalgarurumon_vi","CREATURE","40","13","82","56","0","docs/art/production/characters/appearance-refresh-v1/generated/entities/m530_metalgarurumon_vi/motion-contract.json","COST_REFERENCE_NOT_ORIGINAL_ART_COMPLETION"
"m531_metalseadramon","CREATURE","40","13","79","29","0","docs/art/production/characters/appearance-refresh-v1/generated/entities/m531_metalseadramon/motion-contract.json","COST_REFERENCE_NOT_ORIGINAL_ART_COMPLETION"
"m532_rosemon","CREATURE","40","13","77","55","0","docs/art/production/characters/appearance-refresh-v1/generated/entities/m532_rosemon/motion-contract.json","COST_REFERENCE_NOT_ORIGINAL_ART_COMPLETION"
"m533_zeedgarurumon","CREATURE","40","13","78","39","0","docs/art/production/characters/appearance-refresh-v1/generated/entities/m533_zeedgarurumon/motion-contract.json","COST_REFERENCE_NOT_ORIGINAL_ART_COMPLETION"
"m534_victorygreymon","CREATURE","40","13","82","34","0","docs/art/production/characters/appearance-refresh-v1/generated/entities/m534_victorygreymon/motion-contract.json","COST_REFERENCE_NOT_ORIGINAL_ART_COMPLETION"
"m535_slayerdramon","CREATURE","40","13","84","31","0","docs/art/production/characters/appearance-refresh-v1/generated/entities/m535_slayerdramon/motion-contract.json","COST_REFERENCE_NOT_ORIGINAL_ART_COMPLETION"
"m536_brakedramon","CREATURE","40","13","85","34","0","docs/art/production/characters/appearance-refresh-v1/generated/entities/m536_brakedramon/motion-contract.json","COST_REFERENCE_NOT_ORIGINAL_ART_COMPLETION"
"m538_apollomon","CREATURE","40","13","81","32","17","docs/art/production/characters/appearance-refresh-v1/generated/entities/m538_apollomon/motion-contract.json","COST_REFERENCE_NOT_ORIGINAL_ART_COMPLETION"
"m539_dianamon","CREATURE","40","13","80","46","0","docs/art/production/characters/appearance-refresh-v1/generated/entities/m539_dianamon/motion-contract.json","COST_REFERENCE_NOT_ORIGINAL_ART_COMPLETION"
"m540_imperialdramon_fm","CREATURE","40","13","81","35","0","docs/art/production/characters/appearance-refresh-v1/generated/entities/m540_imperialdramon_fm/motion-contract.json","COST_REFERENCE_NOT_ORIGINAL_ART_COMPLETION"
"m541_dukemon","CREATURE","40","13","81","35","0","docs/art/production/characters/appearance-refresh-v1/generated/entities/m541_dukemon/motion-contract.json","COST_REFERENCE_NOT_ORIGINAL_ART_COMPLETION"
