"id","targetSeconds","actualSeconds","displayTimeApprox","label","evidence","observed","interpretation","unknown","sourceUrl","localPath","sha256"
"B2-01","15","16.042864","00:17","作者製作的流程圖","EDITORIAL_OBSERVED","畫面以三個方框說明遊戲前、中、後期。","此處是攻略作者的分類。","不能當成原作存在三個階段分頁或強制任務清單。","https://www.bilibili.com/video/BV1RQ4y1B7up/?t=15","R:/Projects/Championship2026/_archive/video-research/BV1RQ4y1B7up/frames/t015.png","ad77642468877935d414ab5e322320c56d13ca7d6c26b615e7233c540b84f1ca"
"B2-02","45","46.463947","00:47","Tamer Info","VIDEO_OBSERVED","名字、Green、Funds、Play Time、Training Lic.、Max Capacity、Cage Space 並列；Rookie 被作者紅圈標記。","玩家資料、養成牌照及空間資源分別呈現。","紅圈屬作者加註；各項變更規則未驗證。","https://www.bilibili.com/video/BV1RQ4y1B7up/?t=45","R:/Projects/Championship2026/_archive/video-research/BV1RQ4y1B7up/frames/t045.png","1ebd2a07030d6f64a48380a5ca899a4a68efc4ce49c021041c95a2ce655b958f"
"B2-03","60","61.47572","01:02","牌照升級","VIDEO_OBSERVED","Bronze Tamer 與訓練牌照升級、可以進化到 Ultimate 的訊息。","進化階段上限與牌照相關。","各階升級條件未驗證；英文 Ultimate 不可誤譯成 Mega。","https://www.bilibili.com/video/BV1RQ4y1B7up/?t=60","R:/Projects/Championship2026/_archive/video-research/BV1RQ4y1B7up/frames/t060.png","7cf0989a6d67e35a31daa75d0a703b8095bce5a14e48fb0e263648b531294a5b"
"B2-04","90","91.081147","01:32","Small Challenger","VIDEO_OBSERVED","原作賽事介紹顯示 1 對 1 與入場費；旁邊另有作者條件表。","參賽前顯示比賽形式及費用。","作者整理欄位不是原作 UI。","https://www.bilibili.com/video/BV1RQ4y1B7up/?t=90","R:/Projects/Championship2026/_archive/video-research/BV1RQ4y1B7up/frames/t090.png","d0810eb202e2f517be98fce1168aad03e6d0627606cce973ed10a4be212fb263"
"B2-05","180","180.946444","03:01","獎章結果","VIDEO_OBSERVED","Insect Royale 獎章取得的結果畫面。","賽事有可見的獎章回饋。","作者所述獎章總需求未由此一影格證明。","https://www.bilibili.com/video/BV1RQ4y1B7up/?t=180","R:/Projects/Championship2026/_archive/video-research/BV1RQ4y1B7up/frames/t180.png","d9162a8054ebb4ed84c145480216b5f98635c1b9a41399c071f16812a2b91f62"
"B2-06","240","241.33624","04:02","Large Fighter 非對稱隊伍","VIDEO_OBSERVED","戰鬥總覽左方三隻、右方一隻；倒數 120；下方是戰鬥現場。","戰鬥呈現需容納雙方不同隊伍人數。","右側大幅角色插圖屬剪輯；不能推定任意人數均合法。","https://www.bilibili.com/video/BV1RQ4y1B7up/?t=240","R:/Projects/Championship2026/_archive/video-research/BV1RQ4y1B7up/frames/t240.png","9c60a8ea59a19a02b94bff0e58459db1e64d02b0a514b3c73ad7914ac8492961"
"B2-07","250","251.313289","04:12","季節與賽事清單","VIDEO_OBSERVED","两組原作畫面左右並排，分別為 Seas of Emeralds 與 Metal Emperor；可見季節分頁、列表及上方限制。","選中賽事與其詳情連動；有 Vegetation 與 Machine 類別限制。","左右並排來自作者編輯；各圖示計數語意未驗證。","https://www.bilibili.com/video/BV1RQ4y1B7up/?t=250","R:/Projects/Championship2026/_archive/video-research/BV1RQ4y1B7up/frames/t250.png","468b0d5b85ab1ee506d238a6316e5b4b866583c3ffdcfc65bf0d43cdc67aebac"
"B2-08","263","264.405333","04:25","日文實機畫面","VIDEO_OBSERVED","片中轉為拍攝日文掌機螢幕。","本片混用語言與拍攝形式。","不能以同一英文版連續存檔解讀全片。","https://www.bilibili.com/video/BV1RQ4y1B7up/?t=263","R:/Projects/Championship2026/_archive/video-research/BV1RQ4y1B7up/frames/t263.png","d584690f42651ee37d12fec649ccf40d5850bd6b9588f332ae03f3cae765b8a0"
"B2-09","267","268.56138","04:29","沙漠套繩","VIDEO_OBSERVED","白綠色分段繩索軌跡圍繞目標，底部第二格繩索高亮。","工具在世界中繪製繩索路徑。","圈線閉合容差、方向、圈數、命中演算法未驗證。","https://www.bilibili.com/video/BV1RQ4y1B7up/?t=267","R:/Projects/Championship2026/_archive/video-research/BV1RQ4y1B7up/frames/t267.png","6c2338dc4d84eeeed6e677d13d98578fb251c42e083e6d97b10ef7507a18dc06"
"B2-10","268","269.697934","04:30","沙漠 Pull","VIDEO_OBSERVED","站立目標上方有 Pull! 與綠條，繩索工具仍高亮。","捕捉已進入拉繩提示階段。","綠條所代表的內部量未驗證。","https://www.bilibili.com/video/BV1RQ4y1B7up/?t=268","R:/Projects/Championship2026/_archive/video-research/BV1RQ4y1B7up/frames/t268.png","103eafece8c65ed63f1188e3f21f3750f7a5f41dd2c8bff1da24b2426f5d3cca"
"B2-11","269","270.436673","04:31","沙漠倒下與紅手","VIDEO_OBSERVED","目標倒下伴隨星形效果，上方是紅色手掌與紅條；繩索仍高亮。","存在拉繩後、收取前的中間狀態。","紅條是否計時或恢復量未驗證。","https://www.bilibili.com/video/BV1RQ4y1B7up/?t=269","R:/Projects/Championship2026/_archive/video-research/BV1RQ4y1B7up/frames/t269.png","c830d286ccc9330ad6ece4d5e8ad922ed1c33154043901e689397f2793da99c2"
"B2-12","270","271.239988","04:32","沙漠收取回饋","VIDEO_OBSERVED","最左手掌工具高亮；原目標位置出現藍白光球。","前後序列支持使用手掌收取的解釋。","單點或拖放的精確觸發、是否已永久入隊未驗證。","https://www.bilibili.com/video/BV1RQ4y1B7up/?t=270","R:/Projects/Championship2026/_archive/video-research/BV1RQ4y1B7up/frames/t270.png","c0cf7442efe2d27bcf2f9c34e097c9f3c9a963c07e7b9e55d73ed6e07d5ff200"
"B2-13","295","296.763038","04:57","Nature Analyzer","VIDEO_OBSERVED","原作商品說明、5500 bits、持有量 0 可見。","目標情報與商品功能相關。","實際裝備綁定與資料揭露條件未驗證。","https://www.bilibili.com/video/BV1RQ4y1B7up/?t=295","R:/Projects/Championship2026/_archive/video-research/BV1RQ4y1B7up/frames/t295.png","988332144ebfd9a47745d9c0ea75f970e968bd9c547408c8355cb46ef62377f2"
"B2-14","300","301.14596","05:02","沼澤套繩","VIDEO_OBSERVED","藍色目標周圍出現白綠分段弧線，附近另有綠色角色；繩索工具高亮。","第二組場景重複出現套繩視覺。","不能据附近有另一角色就推論多目標捕捉。","https://www.bilibili.com/video/BV1RQ4y1B7up/?t=300","R:/Projects/Championship2026/_archive/video-research/BV1RQ4y1B7up/frames/t300.png","08e8078ba4efa1b38a5208c46357c4259f5d66d2694a2847e21f0ddfecf207ae"
"B2-15","301","302.399536","05:03","沼澤拉繩連線","VIDEO_OBSERVED","Pull!、部分減少的綠條，以及由目標向右方端點延伸的綠色斜繩。","拉扯具有目標端與操作端的空間關係。","拉力、速度、斷繩和綠條公式未驗證。","https://www.bilibili.com/video/BV1RQ4y1B7up/?t=301","R:/Projects/Championship2026/_archive/video-research/BV1RQ4y1B7up/frames/t301.png","6f5418a003b252a5f38a04df3d27a4ab78c0a51ee61a82558690d4b5bae9c7d3"
"B2-16","302","303.501961","05:04","沼澤收取回饋","VIDEO_OBSERVED","場景位置改變，出現藍白光球，最左手掌工具高亮。","支持另一組手掌收取回饋。","畫面剪輯和鏡頭位移不可直接等同觸控輸入。","https://www.bilibili.com/video/BV1RQ4y1B7up/?t=302","R:/Projects/Championship2026/_archive/video-research/BV1RQ4y1B7up/frames/t302.png","d509b2756c4a67127d77a95f71684c78e88547f6b5d45e84e25a299455de2b7e"
"B2-17","310","311.390352","05:12","八日曆格","VIDEO_OBSERVED","1–8 為兩列四欄，勾選與空白圖示旁有數字；1 呈紫色。","日程有按天摘要的視覺。","圖示數字、紫色是否當日或選中未驗證。","https://www.bilibili.com/video/BV1RQ4y1B7up/?t=310","R:/Projects/Championship2026/_archive/video-research/BV1RQ4y1B7up/frames/t310.png","27f8d91998ac9a161fdac68517491ef05346ccfbbf7966d7b6ab35a5653921f2"
"B2-18","330","331.704189","05:32","Sky Walkers","VIDEO_OBSERVED","原作條件含 Dragon and Bird species only、3 vs. 3 Battle、入場費 1000 bits。","賽事資格可同時允許多種類別。","不合格時實際處理未驗證。","https://www.bilibili.com/video/BV1RQ4y1B7up/?t=330","R:/Projects/Championship2026/_archive/video-research/BV1RQ4y1B7up/frames/t330.png","34bf519b60a4a74b6d92aab90e454d5222d6c5c4f189e42d6148f9b934013896"
"B2-19","360","360.915856","06:01","Silver Freeze 非對稱賽事","VIDEO_OBSERVED","原作文字明示 1 vs. 3 Battle 與 1500 bits；旁有作者條件表。","原作賽事直接支持 1 對 3。","未取得此場完整戰鬥的逐步紀錄。","https://www.bilibili.com/video/BV1RQ4y1B7up/?t=360","R:/Projects/Championship2026/_archive/video-research/BV1RQ4y1B7up/frames/t360.png","4c80b74689066e51e5e37ba84bfe18cd1f830f1f0d59acd81ee5fa42dcea68a1"
"B2-20","420","420.982286","07:01","Bug Busters","VIDEO_OBSERVED","原作條件含 Virus attribute only、3 vs. 3 Battle、1000 bits。","屬性限制與物種類別限制需區分。","所有資格交集與解鎖條件未驗證。","https://www.bilibili.com/video/BV1RQ4y1B7up/?t=420","R:/Projects/Championship2026/_archive/video-research/BV1RQ4y1B7up/frames/t420.png","d3923320b408dac865375f6685142f59e738daf0e256ccac7540266f6f2f4f45"
